Protocollo;Gruppo;DataOraIncidente;Localizzazione1;STRADA1;Localizzazione2;STRADA2;Strada02;Chilometrica;DaSpecificare;NaturaIncidente;particolaritastrade;TipoStrada;FondoStradale;Pavimentazione;Segnaletica;CondizioneAtmosferica;Traffico;Visibilita;Illuminazione;NUM_FERITI;NUM_RISERVATA;NUM_MORTI;NUM_ILLESI;Longitudine;Latitudine;Confermato;Progressivo;TipoVeicolo;StatoVeicolo;TipoPersona;Sesso;Tipolesione;Deceduto;DecedutoDopo;CinturaCascoUtilizzato;Airbag
2098553;2;02/07/2014 19:00;Strada Urbana;LUNGOTEVERE GRANDE A.GLIO THAON DI REVEL;all'intersezione semaforizzata con;PONTE DUCA D'AOSTA;PONTE DUCA D'AOSTA;;;Scontro laterale fra veicoli in marcia;Intersezione semaforizzata;Due carreggiate;Asciutto;Asfaltata;Verticale ed orizzontale;Sereno;Normale;Sufficiente;Ore Diurne;0;0;0;3;12.46216;41.93066;-1;2;Autovettura privata;In marcia / fermata / arresto;Conducente;M;Illeso;0;;Non accertato;Inesploso
2098556;2;02/07/2014 22:20;Strada Urbana;VIA PO;da specificare;;;;prossimità Via Isonzo;Scontro frontale/laterale SX fra veicoli in marcia;Rettilineo;Una carreggiata a doppio senso;Asciutto;Asfaltata;Verticale ed orizzontale;Sereno;Scarso;Buona;Sufficiente;2;0;0;1;12.49405;41.91323;-1;1;Autovettura privata;In marcia / fermata / arresto;Conducente;M;Illeso;0;;Non accertato;Inesploso
2098556;2;02/07/2014 22:20;Strada Urbana;VIA PO;da specificare;;;;prossimità Via Isonzo;Scontro frontale/laterale SX fra veicoli in marcia;Rettilineo;Una carreggiata a doppio senso;Asciutto;Asfaltata;Verticale ed orizzontale;Sereno;Scarso;Buona;Sufficiente;2;0;0;1;12.49405;41.91323;-1;1;Autovettura privata;In marcia / fermata / arresto;Passeggero;F;Rimandato;0;NON DECEDUTO;Non accertato;Inesploso
2098556;2;02/07/2014 22:20;Strada Urbana;VIA PO;da specificare;;;;prossimità Via Isonzo;Scontro frontale/laterale SX fra veicoli in marcia;Rettilineo;Una carreggiata a doppio senso;Asciutto;Asfaltata;Verticale ed orizzontale;Sereno;Scarso;Buona;Sufficiente;2;0;0;1;12.49405;41.91323;-1;2;Motociclo a solo;In marcia / fermata / arresto;Conducente;M;Rimandato;0;NON DECEDUTO;Non accertato;
2098561;13;02/07/2014 12:40;Strada Urbana;VIALE PAOLO ORLANDO;all'intersezione con;VIA PIETRO ROSA;VIA PIETRO ROSA;;;Scontro frontale/laterale DX fra veicoli in marcia;Incrocio;Due carreggiate;Asciutto;Asfaltata;Verticale ed orizzontale;Sereno;Normale;Buona;Ore Diurne;1;0;0;2;12.28538;41.73104;-1;1;Autovettura privata;In marcia / fermata / arresto;Conducente;M;Illeso;0;;Non accertato;Inesploso
2098561;13;02/07/2014 12:40;Strada Urbana;VIALE PAOLO ORLANDO;all'intersezione con;VIA PIETRO ROSA;VIA PIETRO ROSA;;;Scontro frontale/laterale DX fra veicoli in marcia;Incrocio;Due carreggiate;Asciutto;Asfaltata;Verticale ed orizzontale;Sereno;Normale;Buona;Ore Diurne;1;0;0;2;12.28538;41.73104;-1;1;Autovettura privata;In marcia / fermata / arresto;Passeggero;M;Rimandato;0;NON DECEDUTO;Non accertato;Inesploso
2098561;13;02/07/2014 12:40;Strada Urbana;VIALE PAOLO ORLANDO;all'intersezione con;VIA PIETRO ROSA;VIA PIETRO ROSA;;;Scontro frontale/laterale DX fra veicoli in marcia;Incrocio;Due carreggiate;Asciutto;Asfaltata;Verticale ed orizzontale;Sereno;Normale;Buona;Ore Diurne;1;0;0;2;12.28538;41.73104;-1;2;Autovettura privata;In marcia / fermata / arresto;Conducente;M;Illeso;0;;Non accertato;Inesploso
2098564;7;03/07/2014 08:15;Strada Urbana;VIA DEI SESAMI;all'intersezione con;VIA DELLE SALVINIE;VIA DELLE SALVINIE;;;Scontro frontale/laterale SX fra veicoli in marcia;Incrocio;Due carreggiate;Asciutto;Asfaltata;Assente;Sereno;Scarso;Buona;Ore Diurne;0;0;0;2;12.57167;41.8836;-1;1;Autocarro inferiore 35 q.;In marcia / fermata / arresto;Conducente;M;Illeso;0;;Non accertato;Inesploso
2098564;7;03/07/2014 08:15;Strada Urbana;VIA DEI SESAMI;all'intersezione con;VIA DELLE SALVINIE;VIA DELLE SALVINIE;;;Scontro frontale/laterale SX fra veicoli in marcia;Incrocio;Due carreggiate;Asciutto;Asfaltata;Assente;Sereno;Scarso;Buona;Ore Diurne;0;0;0;2;12.57167;41.8836;-1;2;Autocarro inferiore 35 q.;In marcia / fermata / arresto;Conducente;M;Illeso;0;;Non accertato;Inesploso
2098580;23;01/07/2014 10:00;Strada Urbana;PIAZZA PASQUALE PAOLI;in prossimità;;del civico n.;12;;Veicolo in marcia contro veicolo in sosta;Pianeggiante;Una carreggiata a senso unico di marcia;Asciutto;Asfaltata;Verticale ed orizzontale;Sereno;Normale;Buona;Ore Diurne;0;0;0;1;12.46501;41.90048;-1;2;Macchina operatrice;In marcia / fermata / arresto;Conducente;M;Illeso;0;;Non accertato;Inesploso
2098581;7;03/07/2014;Strada Urbana;VIA RAIMONDO TARGETTI;all'intersezione con;VIA GIUSEPPE CANDIANI;VIA GIUSEPPE CANDIANI;;;Tamponamento;Incrocio;Una carreggiata a doppio senso;Asciutto;Asfaltata;Verticale ed orizzontale;Sereno;Normale;Insufficiente;Insufficiente;1;0;0;2;12.58471;41.89148;-1;1;Ciclomotore;In marcia / fermata / arresto;Conducente;M;Rimandato;0;NON DECEDUTO;Non accertato;
2098581;7;03/07/2014;Strada Urbana;VIA RAIMONDO TARGETTI;all'intersezione con;VIA GIUSEPPE CANDIANI;VIA GIUSEPPE CANDIANI;;;Tamponamento;Incrocio;Una carreggiata a doppio senso;Asciutto;Asfaltata;Verticale ed orizzontale;Sereno;Normale;Insufficiente;Insufficiente;1;0;0;2;12.58471;41.89148;-1;2;Autovettura privata;In marcia / fermata / arresto;Conducente;M;Illeso;0;;Non accertato;Inesploso
2098581;7;03/07/2014;Strada Urbana;VIA RAIMONDO TARGETTI;all'intersezione con;VIA GIUSEPPE CANDIANI;VIA GIUSEPPE CANDIANI;;;Tamponamento;Incrocio;Una carreggiata a doppio senso;Asciutto;Asfaltata;Verticale ed orizzontale;Sereno;Normale;Insufficiente;Insufficiente;1;0;0;2;12.58471;41.89148;-1;2;Autovettura privata;In marcia / fermata / arresto;Passeggero;M;Illeso;0;;Non accertato;Inesploso
2098593;12;02/07/2014 02:50;Strada Urbana;VIA CRISTOFORO COLOMBO;da specificare;;;;altezza viale dell'Umanesimo, direzione Ostia;Veicolo in marcia contro ostacolo accidentale;Rettilineo;Due carreggiate;Asciutto;Asfaltata;Verticale ed orizzontale;Sereno;Normale;Buona;Sufficiente;2;0;0;0;12.46457;41.82499;-1;1;Motociclo con passeggero;In marcia / fermata / arresto;Conducente;M;Rimandato;0;NON DECEDUTO;Utilizzato;
2098593;12;02/07/2014 02:50;Strada Urbana;VIA CRISTOFORO COLOMBO;da specificare;;;;altezza viale dell'Umanesimo, direzione Ostia;Veicolo in marcia contro ostacolo accidentale;Rettilineo;Due carreggiate;Asciutto;Asfaltata;Verticale ed orizzontale;Sereno;Normale;Buona;Sufficiente;2;0;0;0;12.46457;41.82499;-1;1;Motociclo con passeggero;In marcia / fermata / arresto;Passeggero;F;Rimandato;0;NON DECEDUTO;Utilizzato;
2098604;12;03/07/2014 08:30;Strada Urbana;VIA TOR DE' CENCI;in prossimità;;del civico n.;67;;Veicolo in marcia contro ostacolo accidentale;Rettilineo;Una carreggiata a doppio senso;Asciutto;Asfaltata;Verticale;Sereno;Normale;Buona;Ore Diurne;0;0;0;1;12.43189;41.78167;-1;1;Autovettura privata;In marcia / fermata / arresto;Conducente;M;Illeso;0;;Utilizzato;Inesploso
2098605;17;02/07/2014 16:45;Strada Urbana;VIA BARLETTA;da specificare;;;;fronte civico 9/a;Investimento di pedone;Rettilineo;Più di due carreggiate;Asciutto;Asfaltata;Verticale ed orizzontale;Sereno;Normale;Buona;Ore Diurne;1;0;0;1;12.45808;41.91027;-1;;;;Pedone;F;Rimandato;0;NON DECEDUTO;;
2098605;17;02/07/2014 16:45;Strada Urbana;VIA BARLETTA;da specificare;;;;fronte civico 9/a;Investimento di pedone;Rettilineo;Più di due carreggiate;Asciutto;Asfaltata;Verticale ed orizzontale;Sereno;Normale;Buona;Ore Diurne;1;0;0;1;12.45808;41.91027;-1;1;Autovettura privata;In marcia / fermata / arresto;Conducente;M;Illeso;0;;;
2098608;16;02/07/2014 14:10;Strada Urbana;PIAZZA S. GIOVANNI DI DIO;da specificare;;;;altezza via Ozanam;Scontro frontale/laterale DX fra veicoli in marcia;Rettilineo;Più di due carreggiate;Asciutto;Asfaltata;Verticale ed orizzontale;Sereno;Normale;Buona;Ore Diurne;1;0;0;1;12.44672;41.8745;-1;1;Motociclo a solo;In marcia / fermata / arresto;Conducente;M;Rimandato;0;NON DECEDUTO;;
2098608;16;02/07/2014 14:10;Strada Urbana;PIAZZA S. GIOVANNI DI DIO;da specificare;;;;altezza via Ozanam;Scontro frontale/laterale DX fra veicoli in marcia;Rettilineo;Più di due carreggiate;Asciutto;Asfaltata;Verticale ed orizzontale;Sereno;Normale;Buona;Ore Diurne;1;0;0;1;12.44672;41.8745;-1;2;Autovettura privata;In marcia / fermata / arresto;Conducente;M;Illeso;0;;Non accertato;
2098623;13;02/07/2014 10:30;Strada Urbana;VIA OSTIENSE;da specificare;;;;prossimità Via di Castel Fusano;Tamponamento;Rettilineo;Una carreggiata a doppio senso;Asciutto;Asfaltata;Orizzontale;Sereno;Normale;Buona;Ore Diurne;1;0;0;1;12.45017;41.83022;-1;1;Autovettura privata;In marcia / fermata / arresto;Conducente;M;Illeso;0;;Non accertato;
2098623;13;02/07/2014 10:30;Strada Urbana;VIA OSTIENSE;da specificare;;;;prossimità Via di Castel Fusano;Tamponamento;Rettilineo;Una carreggiata a doppio senso;Asciutto;Asfaltata;Orizzontale;Sereno;Normale;Buona;Ore Diurne;1;0;0;1;12.45017;41.83022;-1;2;Autovettura privata;In marcia / fermata / arresto;Conducente;F;Rimandato;0;NON DECEDUTO;Non accertato;Inesploso
2098632;2;03/07/2014 09:15;Strada Urbana;VIA FRANCESCO SIACCI;in prossimità;;del civico n.;4/a;;Scontro frontale/laterale SX fra veicoli in marcia;Rettilineo;Una carreggiata a doppio senso;Asciutto;Asfaltata;Verticale ed orizzontale;Nuvoloso;Normale;Buona;Ore Diurne;1;0;0;1;12.48852;41.92229;-1;1;Motociclo a solo;In marcia / fermata / arresto;Conducente;M;Rifiuta cure immediate;0;NON DECEDUTO;Non accertato;
2098632;2;03/07/2014 09:15;Strada Urbana;VIA FRANCESCO SIACCI;in prossimità;;del civico n.;4/a;;Scontro frontale/laterale SX fra veicoli in marcia;Rettilineo;Una carreggiata a doppio senso;Asciutto;Asfaltata;Verticale ed orizzontale;Nuvoloso;Normale;Buona;Ore Diurne;1;0;0;1;12.48852;41.92229;-1;2;Autovettura privata;In marcia / fermata / arresto;Conducente;F;Illeso;0;;Non accertato;Inesploso
2098644;12;02/07/2014 00:10;Strada Urbana;VIA CRISTOFORO COLOMBO;da specificare;;;;direzione GRA altezza P.le 25 marzo 1957;Scontro laterale fra veicoli in marcia;Rettilineo;Più di due carreggiate;Asciutto;Asfaltata;Verticale ed orizzontale;Sereno;Scarso;Buona;Sufficiente;0;0;0;3;12.46303;41.81865;-1;1;Autovettura privata;In marcia / fermata / arresto;Conducente;M;Illeso;0;;Utilizzato;Inesploso
2098644;12;02/07/2014 00:10;Strada Urbana;VIA CRISTOFORO COLOMBO;da specificare;;;;direzione GRA altezza P.le 25 marzo 1957;Scontro laterale fra veicoli in marcia;Rettilineo;Più di due carreggiate;Asciutto;Asfaltata;Verticale ed orizzontale;Sereno;Scarso;Buona;Sufficiente;0;0;0;3;12.46303;41.81865;-1;2;Motociclo a solo;In marcia / fermata / arresto;Conducente;M;Illeso;0;;Utilizzato;
2098644;12;02/07/2014 00:10;Strada Urbana;VIA CRISTOFORO COLOMBO;da specificare;;;;direzione GRA altezza P.le 25 marzo 1957;Scontro laterale fra veicoli in marcia;Rettilineo;Più di due carreggiate;Asciutto;Asfaltata;Verticale ed orizzontale;Sereno;Scarso;Buona;Sufficiente;0;0;0;3;12.46303;41.81865;-1;3;Motociclo con passeggero;In marcia / fermata / arresto;Conducente;M;Illeso;0;;Utilizzato;
2098646;17;02/07/2014 17:25;Strada Urbana;VIA ANTONIO LABRIOLA;in prossimità;;del civico n.;66;;Tamponamento;Rettilineo;Una carreggiata a senso unico di marcia;Asciutto;Asfaltata;Verticale ed orizzontale;Sereno;Normale;Buona;Ore Diurne;0;0;0;3;12.4482;41.91168;-1;1;Autovettura privata;In marcia / fermata / arresto;Conducente;M;Illeso;0;;Non accertato;Inesploso
2098646;17;02/07/2014 17:25;Strada Urbana;VIA ANTONIO LABRIOLA;in prossimità;;del civico n.;66;;Tamponamento;Rettilineo;Una carreggiata a senso unico di marcia;Asciutto;Asfaltata;Verticale ed orizzontale;Sereno;Normale;Buona;Ore Diurne;0;0;0;3;12.4482;41.91168;-1;1;Autovettura privata;In marcia / fermata / arresto;Passeggero;F;Illeso;0;;Non accertato;Inesploso
2098646;17;02/07/2014 17:25;Strada Urbana;VIA ANTONIO LABRIOLA;in prossimità;;del civico n.;66;;Tamponamento;Rettilineo;Una carreggiata a senso unico di marcia;Asciutto;Asfaltata;Verticale ed orizzontale;Sereno;Normale;Buona;Ore Diurne;0;0;0;3;12.4482;41.91168;-1;2;Autovettura privata;In marcia / fermata / arresto;Conducente;F;Illeso;0;;Non accertato;Inesploso
2098673;17;01/07/2014 07:30;Strada Urbana;PIAZZA PIO XII;in prossimità;;del civico n.;12;;Veicolo in marcia contro ostacolo accidentale;Curva senza visuale libera;Una carreggiata a senso unico di marcia;Viscido da liquidi oleosi;Acciotolata;Verticale ed orizzontale;Sereno;Scarso;Buona;Ore Diurne;0;0;0;1;12.45873;41.90193;-1;1;Motociclo a solo;In marcia / fermata / arresto;Conducente;M;Illeso;0;;;
2098680;16;02/07/2014 13:00;Strada Urbana;VIA DI DONNA OLIMPIA;in corrispondenza;;del civico n.;43;;Tamponamento;Rettilineo;Una carreggiata a doppio senso;Asciutto;Asfaltata;Verticale;Sereno;Normale;Buona;Ore Diurne;0;0;0;2;12.45284;41.87748;-1;1;Autovettura privata;In marcia / fermata / arresto;Conducente;F;Illeso;0;;Non accertato;Inesploso
2098680;16;02/07/2014 13:00;Strada Urbana;VIA DI DONNA OLIMPIA;in corrispondenza;;del civico n.;43;;Tamponamento;Rettilineo;Una carreggiata a doppio senso;Asciutto;Asfaltata;Verticale;Sereno;Normale;Buona;Ore Diurne;0;0;0;2;12.45284;41.87748;-1;2;Autovettura privata;In marcia / fermata / arresto;Conducente;F;Illeso;0;;Non accertato;Inesploso
2098684;10;03/07/2014 12:00;Strada Urbana;VIA DELLA STAZIONE DI CIAMPINO;all'intersezione con;VIA DI TORRE MORENA;VIA DI TORRE MORENA;;;Scontro laterale fra veicoli in marcia;Intersezione stradale segnalata;Una carreggiata a doppio senso;Asciutto;Asfaltata;Assente;Sereno;Normale;Buona;Ore Diurne;2;0;0;0;12.61422;41.81123;-1;1;Autovettura privata;In marcia / fermata / arresto;Conducente;F;Rimandato;0;NON DECEDUTO;Non accertato;Inesploso
2098684;10;03/07/2014 12:00;Strada Urbana;VIA DELLA STAZIONE DI CIAMPINO;all'intersezione con;VIA DI TORRE MORENA;VIA DI TORRE MORENA;;;Scontro laterale fra veicoli in marcia;Intersezione stradale segnalata;Una carreggiata a doppio senso;Asciutto;Asfaltata;Assente;Sereno;Normale;Buona;Ore Diurne;2;0;0;0;12.61422;41.81123;-1;2;Motociclo a solo;In marcia / fermata / arresto;Conducente;M;Rimandato;0;NON DECEDUTO;Non accertato;
2098688;16;02/07/2014 17:45;Strada Urbana;VIA FEDERICO OZANAM;in corrispondenza;;del civico n.;80;;Veicolo in marcia contro veicolo in sosta;Rettilineo;Una carreggiata a doppio senso;Asciutto;Asfaltata;Orizzontale;Sereno;Normale;Buona;Ore Diurne;0;0;0;1;12.44956;41.87699;-1;1;Autovettura privata;In marcia / fermata / arresto;Conducente;F;Illeso;0;;Non accertato;Inesploso
2098691;23;03/07/2014 01:45;Comunale extraurbana;VIA CRISTOFORO COLOMBO;in corrispondenza;;della chilometrica;26.6;;Veicolo in marcia contro ostacolo fisso;Rettilineo;Una carreggiata a senso unico di marcia;Asciutto;Asfaltata;Verticale ed orizzontale;Sereno;Scarso;Buona;Inesistente;1;0;0;0;12.32235;41.71831;-1;1;Autovettura privata;In marcia / fermata / arresto;Conducente;M;Rimandato;0;NON DECEDUTO;Utilizzato;Esploso
2098734;18;02/07/2014 09:30;Strada Urbana;VIA AURELIA;da specificare;;;;in prossimita' di Via di Villa Troili;Ribaltamento senza urto contro ostacolo fisso;Cavalcavia;Una carreggiata a doppio senso;Viscido da liquidi oleosi;Asfaltata;Verticale ed orizzontale;Sereno;Normale;Buona;Ore Diurne;1;0;0;0;12.40807;41.88902;-1;1;Motociclo a solo;In marcia / fermata / arresto;Conducente;M;Rimandato;0;NON DECEDUTO;Non accertato;
2098748;18;02/07/2014 11:30;Strada Urbana;VIA DI BOCCEA;in prossimità;;del civico n.;625;;Investimento di pedone;Rettilineo;Una carreggiata a doppio senso;Asciutto;Asfaltata;Verticale ed orizzontale;Sereno;Intenso;Buona;Ore Diurne;1;1;0;0;12.37637;41.91982;-1;;;;Pedone;M;Prognosi riservata;0;NON DECEDUTO;;
2098748;18;02/07/2014 11:30;Strada Urbana;VIA DI BOCCEA;in prossimità;;del civico n.;625;;Investimento di pedone;Rettilineo;Una carreggiata a doppio senso;Asciutto;Asfaltata;Verticale ed orizzontale;Sereno;Intenso;Buona;Ore Diurne;1;1;0;0;12.37637;41.91982;-1;1;Motociclo a solo;In marcia / fermata / arresto;Conducente;M;Rimandato;0;NON DECEDUTO;Non accertato;
2098756;12;02/07/2014 10:30;Strada Urbana;VIALE GIANLUIGI BONELLI;in corrispondenza;;del civico n.;90;;Veicolo in marcia contro veicolo in sosta;Rettilineo;Due carreggiate;Asciutto;Asfaltata;Verticale ed orizzontale;Sereno;Scarso;Buona;Ore Diurne;0;0;0;1;12.4244;41.79651;-1;1;Autovettura privata;In marcia / fermata / arresto;Conducente;M;Illeso;0;;Utilizzato;Inesploso
2098780;18;02/07/2014 16:20;Comunale extraurbana;VIA DI CASTEL DI GUIDO;all'intersezione con;VIA CORRADO BARBAGALLO;VIA CORRADO BARBAGALLO;;;Investimento di pedone;Intersezione stradale segnalata;Una carreggiata a doppio senso;Asciutto;Asfaltata;Verticale ed orizzontale;Sereno;Scarso;Buona;Ore Diurne;1;0;0;1;12.31736;41.89749;-1;;;;Pedone;M;Rifiuta cure immediate;0;NON DECEDUTO;;
2098780;18;02/07/2014 16:20;Comunale extraurbana;VIA DI CASTEL DI GUIDO;all'intersezione con;VIA CORRADO BARBAGALLO;VIA CORRADO BARBAGALLO;;;Investimento di pedone;Intersezione stradale segnalata;Una carreggiata a doppio senso;Asciutto;Asfaltata;Verticale ed orizzontale;Sereno;Scarso;Buona;Ore Diurne;1;0;0;1;12.31736;41.89749;-1;1;Autovettura privata;In marcia / fermata / arresto;Conducente;M;Illeso;0;;Non accertato;Inesistente
2098809;18;02/07/2014 20:00;Strada Urbana;VIA GREGORIO VII;in corrispondenza;;del civico n.;412;;Scontro laterale fra veicoli in marcia;Rettilineo;Una carreggiata a senso unico di marcia;Asciutto;Asfaltata;Assente;Sereno;Scarso;Sufficiente;Sufficiente;0;0;0;2;12.43444;41.89364;-1;1;Autovettura privata;In marcia / fermata / arresto;Conducente;M;Illeso;0;;Non accertato;Inesploso
2098809;18;02/07/2014 20:00;Strada Urbana;VIA GREGORIO VII;in corrispondenza;;del civico n.;412;;Scontro laterale fra veicoli in marcia;Rettilineo;Una carreggiata a senso unico di marcia;Asciutto;Asfaltata;Assente;Sereno;Scarso;Sufficiente;Sufficiente;0;0;0;2;12.43444;41.89364;-1;2;Autovettura privata;Allontanatosi;Conducente;M;Illeso;0;;;
2098828;6;03/07/2014 14:45;Strada Urbana;VIA L'AQUILA;all'intersezione con;VIA ASCOLI PICENO;VIA ASCOLI PICENO;;;Investimento di pedone;Incrocio;Una carreggiata a senso unico di marcia;Asciutto;Asfaltata;Assente;Sereno;Normale;Buona;Ore Diurne;1;0;0;1;12.52574;41.8907;-1;;;;Pedone;M;Rimandato;0;NON DECEDUTO;;
2098828;6;03/07/2014 14:45;Strada Urbana;VIA L'AQUILA;all'intersezione con;VIA ASCOLI PICENO;VIA ASCOLI PICENO;;;Investimento di pedone;Incrocio;Una carreggiata a senso unico di marcia;Asciutto;Asfaltata;Assente;Sereno;Normale;Buona;Ore Diurne;1;0;0;1;12.52574;41.8907;-1;1;Autovettura privata;In marcia / fermata / arresto;Conducente;F;Illeso;0;;Non accertato;Inesploso
2098833;10;03/07/2014 14:20;Strada Urbana;VIA DEL CASALE FERRANTI;all'intersezione con;VIA SAN NICOLA DELL'ALTO;VIA SAN NICOLA DELL'ALTO;;;Scontro frontale/laterale DX fra veicoli in marcia;Incrocio;Una carreggiata a doppio senso;Asciutto;Asfaltata;Verticale ed orizzontale;Sereno;Normale;Buona;Ore Diurne;1;0;0;4;12.58588;41.83359;-1;1;Autovettura privata;In marcia / fermata / arresto;Conducente;M;Illeso;0;;Non accertato;Inesploso
2098833;10;03/07/2014 14:20;Strada Urbana;VIA DEL CASALE FERRANTI;all'intersezione con;VIA SAN NICOLA DELL'ALTO;VIA SAN NICOLA DELL'ALTO;;;Scontro frontale/laterale DX fra veicoli in marcia;Incrocio;Una carreggiata a doppio senso;Asciutto;Asfaltata;Verticale ed orizzontale;Sereno;Normale;Buona;Ore Diurne;1;0;0;4;12.58588;41.83359;-1;1;Autovettura privata;In marcia / fermata / arresto;Passeggero;F;Rimandato;0;NON DECEDUTO;Non accertato;Inesploso
2098833;10;03/07/2014 14:20;Strada Urbana;VIA DEL CASALE FERRANTI;all'intersezione con;VIA SAN NICOLA DELL'ALTO;VIA SAN NICOLA DELL'ALTO;;;Scontro frontale/laterale DX fra veicoli in marcia;Incrocio;Una carreggiata a doppio senso;Asciutto;Asfaltata;Verticale ed orizzontale;Sereno;Normale;Buona;Ore Diurne;1;0;0;4;12.58588;41.83359;-1;1;Autovettura privata;In marcia / fermata / arresto;Passeggero;F;Illeso;0;;Non accertato;Inesploso
2098833;10;03/07/2014 14:20;Strada Urbana;VIA DEL CASALE FERRANTI;all'intersezione con;VIA SAN NICOLA DELL'ALTO;VIA SAN NICOLA DELL'ALTO;;;Scontro frontale/laterale DX fra veicoli in marcia;Incrocio;Una carreggiata a doppio senso;Asciutto;Asfaltata;Verticale ed orizzontale;Sereno;Normale;Buona;Ore Diurne;1;0;0;4;12.58588;41.83359;-1;2;Autovettura privata;In marcia / fermata / arresto;Conducente;M;Illeso;0;;Non accertato;Inesploso
2098833;10;03/07/2014 14:20;Strada Urbana;VIA DEL CASALE FERRANTI;all'intersezione con;VIA SAN NICOLA DELL'ALTO;VIA SAN NICOLA DELL'ALTO;;;Scontro frontale/laterale DX fra veicoli in marcia;Incrocio;Una carreggiata a doppio senso;Asciutto;Asfaltata;Verticale ed orizzontale;Sereno;Normale;Buona;Ore Diurne;1;0;0;4;12.58588;41.83359;-1;2;Autovettura privata;In marcia / fermata / arresto;Passeggero;M;Illeso;0;;Non accertato;Inesploso
2098836;18;02/07/2014 12:40;Strada Urbana;VIA GREGORIO VII;da specificare;;;;fronte civico n.1;Scontro laterale fra veicoli in marcia;Rettilineo;Più di due carreggiate;Asciutto;Asfaltata;Verticale ed orizzontale;Sereno;Normale;Buona;Ore Diurne;0;0;0;2;12.45115;41.89832;-1;1;Autovettura privata;In marcia / fermata / arresto;Conducente;M;Illeso;0;;Non accertato;Inesploso
2098836;18;02/07/2014 12:40;Strada Urbana;VIA GREGORIO VII;da specificare;;;;fronte civico n.1;Scontro laterale fra veicoli in marcia;Rettilineo;Più di due carreggiate;Asciutto;Asfaltata;Verticale ed orizzontale;Sereno;Normale;Buona;Ore Diurne;0;0;0;2;12.45115;41.89832;-1;2;Motociclo a solo;In marcia / fermata / arresto;Conducente;M;Illeso;0;;Non accertato;
2098837;9;03/07/2014 15:10;Strada Urbana;VIA MACEDONIA;all'intersezione con;VIA CENTURIPE;VIA CENTURIPE;;;Scontro laterale fra veicoli in marcia;Incrocio;Una carreggiata a doppio senso;Asciutto;Asfaltata;Orizzontale;Sereno;Normale;Buona;Ore Diurne;0;0;0;2;12.51284;41.87176;-1;1;Autovettura privata;In marcia / fermata / arresto;Conducente;F;Illeso;0;;Non accertato;Inesploso
2098837;9;03/07/2014 15:10;Strada Urbana;VIA MACEDONIA;all'intersezione con;VIA CENTURIPE;VIA CENTURIPE;;;Scontro laterale fra veicoli in marcia;Incrocio;Una carreggiata a doppio senso;Asciutto;Asfaltata;Orizzontale;Sereno;Normale;Buona;Ore Diurne;0;0;0;2;12.51284;41.87176;-1;2;Motociclo a solo;In marcia / fermata / arresto;Conducente;M;Illeso;0;;Non accertato;
2098850;12;02/07/2014 10:45;Strada Urbana;VIALE CESARE PAVESE;in corrispondenza;;del civico n.;109;;Scontro frontale fra veicoli in marcia;Curva a visuale libera;Due carreggiate;Asciutto;Asfaltata;Verticale ed orizzontale;Sereno;Normale;Buona;Ore Diurne;0;0;0;5;12.4767;41.81684;-1;1;Autovettura privata;In marcia / fermata / arresto;Conducente;M;Illeso;0;;Utilizzato;Inesploso
2098850;12;02/07/2014 10:45;Strada Urbana;VIALE CESARE PAVESE;in corrispondenza;;del civico n.;109;;Scontro frontale fra veicoli in marcia;Curva a visuale libera;Due carreggiate;Asciutto;Asfaltata;Verticale ed orizzontale;Sereno;Normale;Buona;Ore Diurne;0;0;0;5;12.4767;41.81684;-1;1;Autovettura privata;In marcia / fermata / arresto;Passeggero;M;Illeso;0;;Utilizzato;Inesploso
2098850;12;02/07/2014 10:45;Strada Urbana;VIALE CESARE PAVESE;in corrispondenza;;del civico n.;109;;Scontro frontale fra veicoli in marcia;Curva a visuale libera;Due carreggiate;Asciutto;Asfaltata;Verticale ed orizzontale;Sereno;Normale;Buona;Ore Diurne;0;0;0;5;12.4767;41.81684;-1;2;Autovettura privata;In marcia / fermata / arresto;Conducente;M;Illeso;0;;Utilizzato;Inesploso
2098850;12;02/07/2014 10:45;Strada Urbana;VIALE CESARE PAVESE;in corrispondenza;;del civico n.;109;;Scontro frontale fra veicoli in marcia;Curva a visuale libera;Due carreggiate;Asciutto;Asfaltata;Verticale ed orizzontale;Sereno;Normale;Buona;Ore Diurne;0;0;0;5;12.4767;41.81684;-1;2;Autovettura privata;In marcia / fermata / arresto;Passeggero;M;Illeso;0;;Utilizzato;Inesploso
2098850;12;02/07/2014 10:45;Strada Urbana;VIALE CESARE PAVESE;in corrispondenza;;del civico n.;109;;Scontro frontale fra veicoli in marcia;Curva a visuale libera;Due carreggiate;Asciutto;Asfaltata;Verticale ed orizzontale;Sereno;Normale;Buona;Ore Diurne;0;0;0;5;12.4767;41.81684;-1;2;Autovettura privata;In marcia / fermata / arresto;Passeggero;M;Illeso;0;;Utilizzato;Inesploso