Protocollo;Gruppo;DataOraIncidente;Localizzazione1;STRADA1;Localizzazione2;STRADA2;Strada02;Chilometrica;DaSpecificare;NaturaIncidente;particolaritastrade;TipoStrada;FondoStradale;Pavimentazione;Segnaletica;CondizioneAtmosferica;Traffico;Visibilita;Illuminazione;NUM_FERITI;NUM_RISERVATA;NUM_MORTI;NUM_ILLESI;Longitudine;Latitudine;Confermato;Progressivo;TipoVeicolo;StatoVeicolo;TipoPersona;Sesso;Tipolesione;Deceduto;DecedutoDopo;CinturaCascoUtilizzato;Airbag
2101033;19;04/07/2014 16:40;Strada Urbana;VIA EDOARDO PERINO;in prossimità;;del civico n.;461;;Veicolo in marcia contro veicolo in sosta;Rettilineo;Una carreggiata a doppio senso;Asciutto;Asfaltata;Assente;Sereno;Scarso;Buona;Ore Diurne;0;0;0;1;12.32354;42.03474;-1;1;Autocarro inferiore 35 q.;In marcia / fermata / arresto;Conducente;M;Illeso;0;;Non accertato;Inesploso
2101034;9;05/07/2014 21:55;Strada Urbana;VIA ALBENGA;all'intersezione con;VIA CIVIDALE DEL FRIULI;VIA CIVIDALE DEL FRIULI;;;Scontro frontale/laterale SX fra veicoli in marcia;Incrocio;Una carreggiata a senso unico di marcia;Asciutto;Asfaltata;Verticale ed orizzontale;Sereno;Scarso;Buona;Sufficiente;0;1;0;2;12.51716;41.87805;-1;1;Autovettura privata;In marcia / fermata / arresto;Conducente;M;Illeso;0;;Non accertato;Inesploso
2101034;9;05/07/2014 21:55;Strada Urbana;VIA ALBENGA;all'intersezione con;VIA CIVIDALE DEL FRIULI;VIA CIVIDALE DEL FRIULI;;;Scontro frontale/laterale SX fra veicoli in marcia;Incrocio;Una carreggiata a senso unico di marcia;Asciutto;Asfaltata;Verticale ed orizzontale;Sereno;Scarso;Buona;Sufficiente;0;1;0;2;12.51716;41.87805;-1;1;Autovettura privata;In marcia / fermata / arresto;Passeggero;M;Illeso;0;;Non accertato;Inesploso
2101034;9;05/07/2014 21:55;Strada Urbana;VIA ALBENGA;all'intersezione con;VIA CIVIDALE DEL FRIULI;VIA CIVIDALE DEL FRIULI;;;Scontro frontale/laterale SX fra veicoli in marcia;Incrocio;Una carreggiata a senso unico di marcia;Asciutto;Asfaltata;Verticale ed orizzontale;Sereno;Scarso;Buona;Sufficiente;0;1;0;2;12.51716;41.87805;-1;2;Motociclo a solo;In marcia / fermata / arresto;Conducente;M;Prognosi riservata;0;NON DECEDUTO;Non accertato;
2101037;7;07/07/2014 01:45;Strada Urbana;VIA DEL MAGGIOLINO;in prossimità;;del civico n.;57;;Veicolo in marcia contro ostacolo accidentale;Rettilineo;Una carreggiata a doppio senso;Asciutto;Con buche;Assente;Sereno;Scarso;Sufficiente;Sufficiente;0;0;0;1;12.60686;41.89704;-1;1;Autovettura privata;In marcia / fermata / arresto;Conducente;M;Illeso;0;;Non accertato;Inesploso
2101040;19;04/07/2014 16:45;Strada Urbana;VIA MATTIA BATTISTINI;all'intersezione con;VIA CARDINALE MERCATI;VIA CARDINALE MERCATI;;;Scontro laterale fra veicoli in marcia;Incrocio;Una carreggiata a doppio senso;Asciutto;Asfaltata;Verticale ed orizzontale;Sereno;Intenso;Buona;Ore Diurne;1;0;0;1;12.4192;41.92004;-1;1;Autovettura privata;In marcia / fermata / arresto;Conducente;M;Illeso;0;;;
2101040;19;04/07/2014 16:45;Strada Urbana;VIA MATTIA BATTISTINI;all'intersezione con;VIA CARDINALE MERCATI;VIA CARDINALE MERCATI;;;Scontro laterale fra veicoli in marcia;Incrocio;Una carreggiata a doppio senso;Asciutto;Asfaltata;Verticale ed orizzontale;Sereno;Intenso;Buona;Ore Diurne;1;0;0;1;12.4192;41.92004;-1;2;Motociclo a solo;In marcia / fermata / arresto;Conducente;M;Rimandato;0;NON DECEDUTO;;
2101041;5;06/07/2014 13:00;Strada Urbana;VIA GIOVANNI PITTALUGA;da specificare;;;;in corrispondenza di via D. Cucchiari;Scontro laterale fra veicoli in marcia;Rettilineo;Una carreggiata a senso unico di marcia;Asciutto;Asfaltata;Verticale ed orizzontale;Sereno;Normale;Buona;Ore Diurne;0;0;0;4;12.53701;41.89981;-1;1;Autovettura privata;In marcia / fermata / arresto;Conducente;F;Illeso;0;;Non accertato;Inesploso
2101041;5;06/07/2014 13:00;Strada Urbana;VIA GIOVANNI PITTALUGA;da specificare;;;;in corrispondenza di via D. Cucchiari;Scontro laterale fra veicoli in marcia;Rettilineo;Una carreggiata a senso unico di marcia;Asciutto;Asfaltata;Verticale ed orizzontale;Sereno;Normale;Buona;Ore Diurne;0;0;0;4;12.53701;41.89981;-1;1;Autovettura privata;In marcia / fermata / arresto;Passeggero;F;Illeso;0;;Non accertato;Inesploso
2101041;5;06/07/2014 13:00;Strada Urbana;VIA GIOVANNI PITTALUGA;da specificare;;;;in corrispondenza di via D. Cucchiari;Scontro laterale fra veicoli in marcia;Rettilineo;Una carreggiata a senso unico di marcia;Asciutto;Asfaltata;Verticale ed orizzontale;Sereno;Normale;Buona;Ore Diurne;0;0;0;4;12.53701;41.89981;-1;2;Autovettura privata;In marcia / fermata / arresto;Conducente;M;Illeso;0;;Non accertato;Inesploso
2101041;5;06/07/2014 13:00;Strada Urbana;VIA GIOVANNI PITTALUGA;da specificare;;;;in corrispondenza di via D. Cucchiari;Scontro laterale fra veicoli in marcia;Rettilineo;Una carreggiata a senso unico di marcia;Asciutto;Asfaltata;Verticale ed orizzontale;Sereno;Normale;Buona;Ore Diurne;0;0;0;4;12.53701;41.89981;-1;2;Autovettura privata;In marcia / fermata / arresto;Passeggero;F;Illeso;0;;Non accertato;Inesploso
2101042;4;04/07/2014 15:50;Strada Urbana;VIA FRANCO SACCHETTI;all'intersezione con;VIA ADOLFO ALBERTAZZI;VIA ADOLFO ALBERTAZZI;;;Investimento di pedone;Intersezione non regolata/non segnalata;Una carreggiata a doppio senso;Asciutto;Asfaltata;Verticale ed orizzontale;Sereno;Scarso;Sufficiente;Ore Diurne;1;0;0;1;12.54609;41.94958;-1;;;;Pedone;M;Rimandato;0;NON DECEDUTO;;
2101042;4;04/07/2014 15:50;Strada Urbana;VIA FRANCO SACCHETTI;all'intersezione con;VIA ADOLFO ALBERTAZZI;VIA ADOLFO ALBERTAZZI;;;Investimento di pedone;Intersezione non regolata/non segnalata;Una carreggiata a doppio senso;Asciutto;Asfaltata;Verticale ed orizzontale;Sereno;Scarso;Sufficiente;Ore Diurne;1;0;0;1;12.54609;41.94958;-1;1;Autovettura privata;In marcia / fermata / arresto;Conducente;M;Illeso;0;;Non accertato;Inesploso
2101050;16;04/07/2014 08:00;Strada Urbana;LARGO LUIGI DAGA;in corrispondenza;;del civico n.;4;;Scontro frontale/laterale DX fra veicoli in marcia;Rettilineo;Una carreggiata a doppio senso;Asciutto;Asfaltata;Verticale ed orizzontale;Sereno;Normale;Buona;Ore Diurne;1;0;0;1;12.48018;41.87239;-1;1;Autovettura privata;In marcia / fermata / arresto;Conducente;F;Illeso;0;;Non accertato;Inesploso
2101050;16;04/07/2014 08:00;Strada Urbana;LARGO LUIGI DAGA;in corrispondenza;;del civico n.;4;;Scontro frontale/laterale DX fra veicoli in marcia;Rettilineo;Una carreggiata a doppio senso;Asciutto;Asfaltata;Verticale ed orizzontale;Sereno;Normale;Buona;Ore Diurne;1;0;0;1;12.48018;41.87239;-1;2;Motociclo a solo;In marcia / fermata / arresto;Conducente;F;Rifiuta cure immediate;0;NON DECEDUTO;Non accertato;
2101052;4;05/07/2014 20:45;Strada Urbana;VIA MONTASIO;in prossimità;;del civico n.;11;;Veicolo in marcia contro veicoli in sosta;Rettilineo;Una carreggiata a senso unico di marcia;Asciutto;Asfaltata;Verticale ed orizzontale;Sereno;Scarso;Buona;Ore Diurne;0;0;0;3;12.53873;41.9374;-1;1;Autovettura privata;Sosta;Passeggero;F;Illeso;0;;Non accertato;Inesploso
2101052;4;05/07/2014 20:45;Strada Urbana;VIA MONTASIO;in prossimità;;del civico n.;11;;Veicolo in marcia contro veicoli in sosta;Rettilineo;Una carreggiata a senso unico di marcia;Asciutto;Asfaltata;Verticale ed orizzontale;Sereno;Scarso;Buona;Ore Diurne;0;0;0;3;12.53873;41.9374;-1;3;Autovettura privata;In marcia / fermata / arresto;Conducente;F;Illeso;0;;Non accertato;Inesistente
2101052;4;05/07/2014 20:45;Strada Urbana;VIA MONTASIO;in prossimità;;del civico n.;11;;Veicolo in marcia contro veicoli in sosta;Rettilineo;Una carreggiata a senso unico di marcia;Asciutto;Asfaltata;Verticale ed orizzontale;Sereno;Scarso;Buona;Ore Diurne;0;0;0;3;12.53873;41.9374;-1;3;Autovettura privata;In marcia / fermata / arresto;Passeggero;M;Illeso;0;;Non accertato;Inesistente
2101054;19;04/07/2014 18:20;Strada Urbana;VIA UGO DE CAROLIS;all'intersezione con;VIA ANTONIO LOCATELLI;VIA ANTONIO LOCATELLI;;;Tamponamento;Incrocio;Una carreggiata a doppio senso;Asciutto;Asfaltata;Orizzontale;Sereno;Normale;Buona;Ore Diurne;1;0;0;1;12.43847;41.9189;-1;1;Autovettura privata;In marcia / fermata / arresto;Conducente;M;Illeso;0;;;
2101054;19;04/07/2014 18:20;Strada Urbana;VIA UGO DE CAROLIS;all'intersezione con;VIA ANTONIO LOCATELLI;VIA ANTONIO LOCATELLI;;;Tamponamento;Incrocio;Una carreggiata a doppio senso;Asciutto;Asfaltata;Orizzontale;Sereno;Normale;Buona;Ore Diurne;1;0;0;1;12.43847;41.9189;-1;2;Motociclo a solo;In marcia / fermata / arresto;Conducente;M;Rimandato;0;NON DECEDUTO;Non accertato;
2101057;9;06/07/2014 19:15;Strada Urbana;VIA TUSCOLANA;all'intersezione semaforizzata con;VIA DI PORTA FURBA;VIA DI PORTA FURBA;;;Scontro frontale/laterale SX fra veicoli in marcia;Incrocio;Una carreggiata a doppio senso;Asciutto;Asfaltata;Verticale ed orizzontale;Sereno;Intenso;Buona;Ore Diurne;2;0;0;2;12.53821;41.86915;-1;1;Autocarro inferiore 35 q.;In marcia / fermata / arresto;Conducente;M;Illeso;0;;Non accertato;Inesploso
2101057;9;06/07/2014 19:15;Strada Urbana;VIA TUSCOLANA;all'intersezione semaforizzata con;VIA DI PORTA FURBA;VIA DI PORTA FURBA;;;Scontro frontale/laterale SX fra veicoli in marcia;Incrocio;Una carreggiata a doppio senso;Asciutto;Asfaltata;Verticale ed orizzontale;Sereno;Intenso;Buona;Ore Diurne;2;0;0;2;12.53821;41.86915;-1;2;Autovettura privata;In marcia / fermata / arresto;Conducente;F;Illeso;0;;Non accertato;Inesploso
2101057;9;06/07/2014 19:15;Strada Urbana;VIA TUSCOLANA;all'intersezione semaforizzata con;VIA DI PORTA FURBA;VIA DI PORTA FURBA;;;Scontro frontale/laterale SX fra veicoli in marcia;Incrocio;Una carreggiata a doppio senso;Asciutto;Asfaltata;Verticale ed orizzontale;Sereno;Intenso;Buona;Ore Diurne;2;0;0;2;12.53821;41.86915;-1;2;Autovettura privata;In marcia / fermata / arresto;Passeggero;F;Rimandato;0;NON DECEDUTO;Non accertato;Inesploso
2101057;9;06/07/2014 19:15;Strada Urbana;VIA TUSCOLANA;all'intersezione semaforizzata con;VIA DI PORTA FURBA;VIA DI PORTA FURBA;;;Scontro frontale/laterale SX fra veicoli in marcia;Incrocio;Una carreggiata a doppio senso;Asciutto;Asfaltata;Verticale ed orizzontale;Sereno;Intenso;Buona;Ore Diurne;2;0;0;2;12.53821;41.86915;-1;2;Autovettura privata;In marcia / fermata / arresto;Passeggero;F;Rimandato;0;NON DECEDUTO;Non accertato;Inesploso
2101062;7;07/07/2014 07:50;Strada Urbana;VIA PRENESTINA;da specificare;;;;altezza via Manfredonia;Tamponamento Multiplo;Rettilineo;Una carreggiata a doppio senso;Asciutto;Asfaltata;Assente;Sereno;Normale;Buona;Ore Diurne;1;0;0;3;12.57806;41.89442;-1;1;Autovettura privata;In marcia / fermata / arresto;Conducente;M;Illeso;0;;Non accertato;Inesploso
2101062;7;07/07/2014 07:50;Strada Urbana;VIA PRENESTINA;da specificare;;;;altezza via Manfredonia;Tamponamento Multiplo;Rettilineo;Una carreggiata a doppio senso;Asciutto;Asfaltata;Assente;Sereno;Normale;Buona;Ore Diurne;1;0;0;3;12.57806;41.89442;-1;1;Autovettura privata;In marcia / fermata / arresto;Passeggero;M;Illeso;0;;Non accertato;Inesploso
2101062;7;07/07/2014 07:50;Strada Urbana;VIA PRENESTINA;da specificare;;;;altezza via Manfredonia;Tamponamento Multiplo;Rettilineo;Una carreggiata a doppio senso;Asciutto;Asfaltata;Assente;Sereno;Normale;Buona;Ore Diurne;1;0;0;3;12.57806;41.89442;-1;2;Veicolo speciale;In marcia / fermata / arresto;Conducente;M;Illeso;0;;Non accertato;Inesploso
2101062;7;07/07/2014 07:50;Strada Urbana;VIA PRENESTINA;da specificare;;;;altezza via Manfredonia;Tamponamento Multiplo;Rettilineo;Una carreggiata a doppio senso;Asciutto;Asfaltata;Assente;Sereno;Normale;Buona;Ore Diurne;1;0;0;3;12.57806;41.89442;-1;3;Autovettura privata;In marcia / fermata / arresto;Conducente;M;Rifiuta cure immediate;0;NON DECEDUTO;Non accertato;
2101069;4;05/07/2014 09:50;Strada Urbana;VIA UGO OJETTI;all'intersezione con;VIA DI CASAL BOCCONE;VIA DI CASAL BOCCONE;;;Tamponamento;Intersezione stradale segnalata;Una carreggiata a doppio senso;Asciutto;Asfaltata;Verticale ed orizzontale;Sereno;Normale;Buona;Ore Diurne;1;0;0;5;12.56091;41.95159;-1;1;Autovettura privata;In marcia / fermata / arresto;Conducente;F;Illeso;0;;Non accertato;Inesploso
2101069;4;05/07/2014 09:50;Strada Urbana;VIA UGO OJETTI;all'intersezione con;VIA DI CASAL BOCCONE;VIA DI CASAL BOCCONE;;;Tamponamento;Intersezione stradale segnalata;Una carreggiata a doppio senso;Asciutto;Asfaltata;Verticale ed orizzontale;Sereno;Normale;Buona;Ore Diurne;1;0;0;5;12.56091;41.95159;-1;1;Autovettura privata;In marcia / fermata / arresto;Passeggero;F;Illeso;0;;Non accertato;
2101069;4;05/07/2014 09:50;Strada Urbana;VIA UGO OJETTI;all'intersezione con;VIA DI CASAL BOCCONE;VIA DI CASAL BOCCONE;;;Tamponamento;Intersezione stradale segnalata;Una carreggiata a doppio senso;Asciutto;Asfaltata;Verticale ed orizzontale;Sereno;Normale;Buona;Ore Diurne;1;0;0;5;12.56091;41.95159;-1;2;Autovettura privata;In marcia / fermata / arresto;Conducente;M;Rifiuta cure immediate;0;NON DECEDUTO;Non accertato;
2101069;4;05/07/2014 09:50;Strada Urbana;VIA UGO OJETTI;all'intersezione con;VIA DI CASAL BOCCONE;VIA DI CASAL BOCCONE;;;Tamponamento;Intersezione stradale segnalata;Una carreggiata a doppio senso;Asciutto;Asfaltata;Verticale ed orizzontale;Sereno;Normale;Buona;Ore Diurne;1;0;0;5;12.56091;41.95159;-1;2;Autovettura privata;In marcia / fermata / arresto;Passeggero;F;Illeso;0;;Non accertato;
2101069;4;05/07/2014 09:50;Strada Urbana;VIA UGO OJETTI;all'intersezione con;VIA DI CASAL BOCCONE;VIA DI CASAL BOCCONE;;;Tamponamento;Intersezione stradale segnalata;Una carreggiata a doppio senso;Asciutto;Asfaltata;Verticale ed orizzontale;Sereno;Normale;Buona;Ore Diurne;1;0;0;5;12.56091;41.95159;-1;2;Autovettura privata;In marcia / fermata / arresto;Passeggero;F;Illeso;0;;Non accertato;
2101069;4;05/07/2014 09:50;Strada Urbana;VIA UGO OJETTI;all'intersezione con;VIA DI CASAL BOCCONE;VIA DI CASAL BOCCONE;;;Tamponamento;Intersezione stradale segnalata;Una carreggiata a doppio senso;Asciutto;Asfaltata;Verticale ed orizzontale;Sereno;Normale;Buona;Ore Diurne;1;0;0;5;12.56091;41.95159;-1;2;Autovettura privata;In marcia / fermata / arresto;Passeggero;F;Illeso;0;;Non accertato;
2101070;4;06/07/2014 04:40;Provinciale entro l'abitato;VIA NOMENTANA;all'intersezione semaforizzata con;VIA VAL BREMBANA;VIA VAL BREMBANA;;;Tamponamento;Intersezione semaforizzata;Più di due carreggiate;Asciutto;Asfaltata;Verticale ed orizzontale;Sereno;Normale;Buona;Sufficiente;1;0;0;1;12.52701;41.9306;-1;1;Autovettura privata;In marcia / fermata / arresto;Conducente;F;Rifiuta cure immediate;0;NON DECEDUTO;Non accertato;
2101070;4;06/07/2014 04:40;Provinciale entro l'abitato;VIA NOMENTANA;all'intersezione semaforizzata con;VIA VAL BREMBANA;VIA VAL BREMBANA;;;Tamponamento;Intersezione semaforizzata;Più di due carreggiate;Asciutto;Asfaltata;Verticale ed orizzontale;Sereno;Normale;Buona;Sufficiente;1;0;0;1;12.52701;41.9306;-1;2;Autovettura privata;In marcia / fermata / arresto;Conducente;M;Illeso;0;;Non accertato;Inesploso
2101074;4;06/07/2014 12:30;Strada Urbana;PIAZZA GIULIETTA MASINA;da specificare;;;;prossimità via E. De Giorgi;Scontro laterale fra veicoli in marcia;Rotatoria;Una carreggiata a senso unico di marcia;Asciutto;Asfaltata;Verticale ed orizzontale;Sereno;Normale;Buona;Ore Diurne;1;0;0;1;12.48018;41.87239;-1;1;Motociclo a solo;In marcia / fermata / arresto;Conducente;M;Rimandato;0;NON DECEDUTO;Non accertato;
2101074;4;06/07/2014 12:30;Strada Urbana;PIAZZA GIULIETTA MASINA;da specificare;;;;prossimità via E. De Giorgi;Scontro laterale fra veicoli in marcia;Rotatoria;Una carreggiata a senso unico di marcia;Asciutto;Asfaltata;Verticale ed orizzontale;Sereno;Normale;Buona;Ore Diurne;1;0;0;1;12.48018;41.87239;-1;2;Autovettura privata;In marcia / fermata / arresto;Conducente;M;Illeso;0;;Non accertato;Inesploso
2101076;4;06/07/2014 15:15;Strada Urbana;PIAZZA CAPRI;all'intersezione semaforizzata con;VIALE TIRRENO;VIALE TIRRENO;;;Scontro laterale fra veicoli in marcia;Intersezione semaforizzata;Una carreggiata a senso unico di marcia;Asciutto;Asfaltata;Verticale ed orizzontale;Sereno;Scarso;Buona;Ore Diurne;1;0;0;1;12.52856;41.94371;-1;1;Autovettura privata;In marcia / fermata / arresto;Conducente;F;Illeso;0;;Non accertato;Inesploso
2101076;4;06/07/2014 15:15;Strada Urbana;PIAZZA CAPRI;all'intersezione semaforizzata con;VIALE TIRRENO;VIALE TIRRENO;;;Scontro laterale fra veicoli in marcia;Intersezione semaforizzata;Una carreggiata a senso unico di marcia;Asciutto;Asfaltata;Verticale ed orizzontale;Sereno;Scarso;Buona;Ore Diurne;1;0;0;1;12.52856;41.94371;-1;2;Motociclo a solo;In marcia / fermata / arresto;Conducente;F;Rifiuta cure immediate;0;NON DECEDUTO;Non accertato;
2101081;4;07/07/2014 02:15;Provinciale entro l'abitato;VIA NOMENTANA;all'intersezione semaforizzata con;VIA VAL D'AOSTA;VIA VAL D'AOSTA;;;Scontro frontale/laterale DX fra veicoli in marcia;Intersezione semaforizzata;Più di due carreggiate;Asciutto;Asfaltata;Verticale ed orizzontale;Sereno;Normale;Sufficiente;Sufficiente;2;0;0;1;12.58026;41.95765;-1;1;Autovettura privata;In marcia / fermata / arresto;Conducente;M;Illeso;0;;Non accertato;Inesploso
2101081;4;07/07/2014 02:15;Provinciale entro l'abitato;VIA NOMENTANA;all'intersezione semaforizzata con;VIA VAL D'AOSTA;VIA VAL D'AOSTA;;;Scontro frontale/laterale DX fra veicoli in marcia;Intersezione semaforizzata;Più di due carreggiate;Asciutto;Asfaltata;Verticale ed orizzontale;Sereno;Normale;Sufficiente;Sufficiente;2;0;0;1;12.58026;41.95765;-1;2;Motociclo con passeggero;In marcia / fermata / arresto;Conducente;M;Ricoverato;0;NON DECEDUTO;Non accertato;
2101081;4;07/07/2014 02:15;Provinciale entro l'abitato;VIA NOMENTANA;all'intersezione semaforizzata con;VIA VAL D'AOSTA;VIA VAL D'AOSTA;;;Scontro frontale/laterale DX fra veicoli in marcia;Intersezione semaforizzata;Più di due carreggiate;Asciutto;Asfaltata;Verticale ed orizzontale;Sereno;Normale;Sufficiente;Sufficiente;2;0;0;1;12.58026;41.95765;-1;2;Motociclo con passeggero;In marcia / fermata / arresto;Passeggero;F;Ricoverato;0;NON DECEDUTO;Non accertato;
2101084;19;05/07/2014 00:40;Strada Urbana;VIA CASSIA;all'intersezione con;VIA FRATELLI DURANTE;VIA FRATELLI DURANTE;;;Scontro laterale fra veicoli in marcia;Incrocio;Una carreggiata a doppio senso;Asciutto;Asfaltata;Orizzontale;Sereno;Scarso;Buona;Sufficiente;1;0;0;5;12.37702;42.02039;-1;1;Autovettura privata;In marcia / fermata / arresto;Conducente;M;Illeso;0;;Non accertato;Inesploso
2101084;19;05/07/2014 00:40;Strada Urbana;VIA CASSIA;all'intersezione con;VIA FRATELLI DURANTE;VIA FRATELLI DURANTE;;;Scontro laterale fra veicoli in marcia;Incrocio;Una carreggiata a doppio senso;Asciutto;Asfaltata;Orizzontale;Sereno;Scarso;Buona;Sufficiente;1;0;0;5;12.37702;42.02039;-1;1;Autovettura privata;In marcia / fermata / arresto;Passeggero;F;Illeso;0;;Non accertato;Inesploso
2101084;19;05/07/2014 00:40;Strada Urbana;VIA CASSIA;all'intersezione con;VIA FRATELLI DURANTE;VIA FRATELLI DURANTE;;;Scontro laterale fra veicoli in marcia;Incrocio;Una carreggiata a doppio senso;Asciutto;Asfaltata;Orizzontale;Sereno;Scarso;Buona;Sufficiente;1;0;0;5;12.37702;42.02039;-1;1;Autovettura privata;In marcia / fermata / arresto;Passeggero;M;Illeso;0;;Non accertato;Inesploso
2101084;19;05/07/2014 00:40;Strada Urbana;VIA CASSIA;all'intersezione con;VIA FRATELLI DURANTE;VIA FRATELLI DURANTE;;;Scontro laterale fra veicoli in marcia;Incrocio;Una carreggiata a doppio senso;Asciutto;Asfaltata;Orizzontale;Sereno;Scarso;Buona;Sufficiente;1;0;0;5;12.37702;42.02039;-1;1;Autovettura privata;In marcia / fermata / arresto;Passeggero;F;Illeso;0;;Non accertato;Inesploso
2101084;19;05/07/2014 00:40;Strada Urbana;VIA CASSIA;all'intersezione con;VIA FRATELLI DURANTE;VIA FRATELLI DURANTE;;;Scontro laterale fra veicoli in marcia;Incrocio;Una carreggiata a doppio senso;Asciutto;Asfaltata;Orizzontale;Sereno;Scarso;Buona;Sufficiente;1;0;0;5;12.37702;42.02039;-1;2;Ciclomotore con passeggero;In marcia / fermata / arresto;Conducente;M;Rimandato;0;NON DECEDUTO;Non accertato;
2101084;19;05/07/2014 00:40;Strada Urbana;VIA CASSIA;all'intersezione con;VIA FRATELLI DURANTE;VIA FRATELLI DURANTE;;;Scontro laterale fra veicoli in marcia;Incrocio;Una carreggiata a doppio senso;Asciutto;Asfaltata;Orizzontale;Sereno;Scarso;Buona;Sufficiente;1;0;0;5;12.37702;42.02039;-1;2;Ciclomotore con passeggero;In marcia / fermata / arresto;Passeggero;F;Illeso;0;;Non accertato;
2101091;16;04/07/2014 16:20;Strada Urbana;VIA DUCHESSA DI GALLIERA;in corrispondenza;;del civico n.;25;;Veicolo in marcia contro veicolo fermo;Rettilineo;Una carreggiata a senso unico di marcia;Asciutto;Asfaltata;Verticale;Sereno;Normale;Sufficiente;Ore Diurne;0;0;0;2;12.44845;41.86977;-1;1;Autovettura privata;In marcia / fermata / arresto;Conducente;F;Illeso;0;;Non accertato;Inesploso
2101091;16;04/07/2014 16:20;Strada Urbana;VIA DUCHESSA DI GALLIERA;in corrispondenza;;del civico n.;25;;Veicolo in marcia contro veicolo fermo;Rettilineo;Una carreggiata a senso unico di marcia;Asciutto;Asfaltata;Verticale;Sereno;Normale;Sufficiente;Ore Diurne;0;0;0;2;12.44845;41.86977;-1;2;Autocarro inferiore 35 q.;In marcia / fermata / arresto;Conducente;M;Illeso;0;;Non accertato;Inesploso
2101104;19;05/07/2014 16:15;Strada Urbana;VIA DELLA PINETA SACCHETTI;in prossimità;;del civico n.;201;;Scontro laterale fra veicoli in marcia;Rettilineo;Una carreggiata a senso unico di marcia;Asciutto;Asfaltata;Verticale ed orizzontale;Sereno;Normale;Buona;Ore Diurne;0;0;0;3;12.42652;41.92768;-1;1;Autovettura privata;In marcia / fermata / arresto;Conducente;M;Illeso;0;;Non accertato;Inesploso
2101104;19;05/07/2014 16:15;Strada Urbana;VIA DELLA PINETA SACCHETTI;in prossimità;;del civico n.;201;;Scontro laterale fra veicoli in marcia;Rettilineo;Una carreggiata a senso unico di marcia;Asciutto;Asfaltata;Verticale ed orizzontale;Sereno;Normale;Buona;Ore Diurne;0;0;0;3;12.42652;41.92768;-1;2;Autovettura privata;In marcia / fermata / arresto;Conducente;M;Illeso;0;;Non accertato;Inesploso
2101104;19;05/07/2014 16:15;Strada Urbana;VIA DELLA PINETA SACCHETTI;in prossimità;;del civico n.;201;;Scontro laterale fra veicoli in marcia;Rettilineo;Una carreggiata a senso unico di marcia;Asciutto;Asfaltata;Verticale ed orizzontale;Sereno;Normale;Buona;Ore Diurne;0;0;0;3;12.42652;41.92768;-1;2;Autovettura privata;In marcia / fermata / arresto;Passeggero;F;Illeso;0;;Non accertato;Inesploso
2101108;16;04/07/2014 18:35;Strada Urbana;PIAZZETTA DEL BEL RESPIRO;in prossimità;;del civico n.;8;;Scontro laterale fra veicoli in marcia;Rettilineo;Due carreggiate;Asciutto;Asfaltata;Verticale ed orizzontale;Sereno;Normale;Buona;Ore Diurne;1;0;0;1;12.44236;41.87789;-1;1;Motociclo a solo;In marcia / fermata / arresto;Conducente;F;Rimandato;0;NON DECEDUTO;Non accertato;
2101108;16;04/07/2014 18:35;Strada Urbana;PIAZZETTA DEL BEL RESPIRO;in prossimità;;del civico n.;8;;Scontro laterale fra veicoli in marcia;Rettilineo;Due carreggiate;Asciutto;Asfaltata;Verticale ed orizzontale;Sereno;Normale;Buona;Ore Diurne;1;0;0;1;12.44236;41.87789;-1;2;Autovettura privata;In marcia / fermata / arresto;Conducente;M;Illeso;0;;Non accertato;
2101114;19;06/07/2014 15:00;Strada Urbana;VIA DI CASAL DEL MARMO;all'intersezione con;LARGO CODOGNO;LARGO CODOGNO;;;Scontro laterale fra veicoli in marcia;Incrocio;Una carreggiata a doppio senso;Asciutto;Asfaltata;Verticale;Sereno;Normale;Buona;Ore Diurne;1;0;0;3;12.39173;41.94651;-1;1;Autovettura privata;In marcia / fermata / arresto;Conducente;F;Illeso;0;;Non accertato;Inesploso
2101114;19;06/07/2014 15:00;Strada Urbana;VIA DI CASAL DEL MARMO;all'intersezione con;LARGO CODOGNO;LARGO CODOGNO;;;Scontro laterale fra veicoli in marcia;Incrocio;Una carreggiata a doppio senso;Asciutto;Asfaltata;Verticale;Sereno;Normale;Buona;Ore Diurne;1;0;0;3;12.39173;41.94651;-1;1;Autovettura privata;In marcia / fermata / arresto;Passeggero;F;Illeso;0;;Non accertato;Inesploso
2101114;19;06/07/2014 15:00;Strada Urbana;VIA DI CASAL DEL MARMO;all'intersezione con;LARGO CODOGNO;LARGO CODOGNO;;;Scontro laterale fra veicoli in marcia;Incrocio;Una carreggiata a doppio senso;Asciutto;Asfaltata;Verticale;Sereno;Normale;Buona;Ore Diurne;1;0;0;3;12.39173;41.94651;-1;2;Autovettura privata;In marcia / fermata / arresto;Conducente;F;Illeso;0;;Non accertato;Inesploso