Protocollo;Gruppo;DataOraIncidente;Localizzazione1;STRADA1;Localizzazione2;STRADA2;Strada02;Chilometrica;DaSpecificare;NaturaIncidente;particolaritastrade;TipoStrada;FondoStradale;Pavimentazione;Segnaletica;CondizioneAtmosferica;Traffico;Visibilita;Illuminazione;NUM_FERITI;NUM_RISERVATA;NUM_MORTI;NUM_ILLESI;Longitudine;Latitudine;Confermato;Progressivo;TipoVeicolo;StatoVeicolo;TipoPersona;Sesso;Tipolesione;Deceduto;DecedutoDopo;CinturaCascoUtilizzato;Airbag
2102664;5;08/07/2014 10:30;Strada Urbana;VIA TIBURTINA;all'intersezione con;VIA DELLE CAVE DI PIETRALATA;VIA DELLE CAVE DI PIETRALATA;;;Scontro frontale/laterale DX fra veicoli in marcia;Incrocio;Più di due carreggiate;Asciutto;Asfaltata;Verticale ed orizzontale;Sereno;Intenso;Buona;Ore Diurne;0;0;0;2;12.53651;41.90846;-1;2;Motociclo a solo;In marcia / fermata / arresto;Conducente;M;Illeso;0;;;
2102668;6;09/07/2014 06:00;Strada Urbana;VIA MARCIANISE;all'intersezione con;VIA AQUILONIA;VIA AQUILONIA;;;Scontro frontale/laterale SX fra veicoli in marcia;Incrocio;Una carreggiata a doppio senso;Asciutto;Asfaltata;Verticale ed orizzontale;Sereno;Scarso;Sufficiente;Ore Diurne;1;0;0;1;12.54992;41.89115;-1;1;Autovettura privata;In marcia / fermata / arresto;Conducente;M;Illeso;0;;Non accertato;Inesploso
2102668;6;09/07/2014 06:00;Strada Urbana;VIA MARCIANISE;all'intersezione con;VIA AQUILONIA;VIA AQUILONIA;;;Scontro frontale/laterale SX fra veicoli in marcia;Incrocio;Una carreggiata a doppio senso;Asciutto;Asfaltata;Verticale ed orizzontale;Sereno;Scarso;Sufficiente;Ore Diurne;1;0;0;1;12.54992;41.89115;-1;2;Autovettura privata;In marcia / fermata / arresto;Conducente;F;Rimandato;0;NON DECEDUTO;Non accertato;Inesploso
2102670;11;08/07/2014 16:00;Strada Urbana;VIALE FERDINANDO BALDELLI;in prossimità;;del civico n.;41;;Scontro laterale fra veicoli in marcia;Rettilineo;Due carreggiate;Asciutto;Asfaltata;Verticale;Nuvoloso;Normale;Buona;Ore Diurne;0;0;0;3;12.47451;41.85698;-1;1;Autovettura privata;In marcia / fermata / arresto;Conducente;M;Illeso;0;;;
2102670;11;08/07/2014 16:00;Strada Urbana;VIALE FERDINANDO BALDELLI;in prossimità;;del civico n.;41;;Scontro laterale fra veicoli in marcia;Rettilineo;Due carreggiate;Asciutto;Asfaltata;Verticale;Nuvoloso;Normale;Buona;Ore Diurne;0;0;0;3;12.47451;41.85698;-1;2;Autovettura privata;In marcia / fermata / arresto;Conducente;M;Illeso;0;;;
2102670;11;08/07/2014 16:00;Strada Urbana;VIALE FERDINANDO BALDELLI;in prossimità;;del civico n.;41;;Scontro laterale fra veicoli in marcia;Rettilineo;Due carreggiate;Asciutto;Asfaltata;Verticale;Nuvoloso;Normale;Buona;Ore Diurne;0;0;0;3;12.47451;41.85698;-1;2;Autovettura privata;In marcia / fermata / arresto;Passeggero;F;Illeso;0;;;
2102680;11;09/07/2014 05:00;Strada Urbana;VIA CRISTOFORO COLOMBO;all'intersezione semaforizzata con;LARGO ANGELO FOCHETTI;LARGO ANGELO FOCHETTI;;;Tamponamento;Intersezione semaforizzata;Più di due carreggiate;Asciutto;Asfaltata;Verticale ed orizzontale;Sereno;Scarso;Sufficiente;Sufficiente;0;0;0;2;12.49616;41.8672;-1;1;Autocarro inferiore 35 q.;In marcia / fermata / arresto;Conducente;M;Illeso;0;;Non accertato;
2102680;11;09/07/2014 05:00;Strada Urbana;VIA CRISTOFORO COLOMBO;all'intersezione semaforizzata con;LARGO ANGELO FOCHETTI;LARGO ANGELO FOCHETTI;;;Tamponamento;Intersezione semaforizzata;Più di due carreggiate;Asciutto;Asfaltata;Verticale ed orizzontale;Sereno;Scarso;Sufficiente;Sufficiente;0;0;0;2;12.49616;41.8672;-1;2;Autovettura privata;In marcia / fermata / arresto;Conducente;M;Illeso;0;;Non accertato;Inesploso
2102685;15;08/07/2014 14:30;Strada Urbana;VIA DEI TANI;all'intersezione con;VIA DEI MAZZANTI;VIA DEI MAZZANTI;;;Scontro frontale/laterale DX fra veicoli in marcia;Incrocio;Una carreggiata a doppio senso;Asciutto;Asfaltata;Assente;Sereno;Scarso;Buona;Ore Diurne;2;0;0;2;12.42015;41.85187;-1;1;Autocarro inferiore 35 q.;In marcia / fermata / arresto;Conducente;M;Illeso;0;;Utilizzato;Inesploso
2102685;15;08/07/2014 14:30;Strada Urbana;VIA DEI TANI;all'intersezione con;VIA DEI MAZZANTI;VIA DEI MAZZANTI;;;Scontro frontale/laterale DX fra veicoli in marcia;Incrocio;Una carreggiata a doppio senso;Asciutto;Asfaltata;Assente;Sereno;Scarso;Buona;Ore Diurne;2;0;0;2;12.42015;41.85187;-1;1;Autocarro inferiore 35 q.;In marcia / fermata / arresto;Passeggero;M;Illeso;0;;Utilizzato;Inesploso
2102685;15;08/07/2014 14:30;Strada Urbana;VIA DEI TANI;all'intersezione con;VIA DEI MAZZANTI;VIA DEI MAZZANTI;;;Scontro frontale/laterale DX fra veicoli in marcia;Incrocio;Una carreggiata a doppio senso;Asciutto;Asfaltata;Assente;Sereno;Scarso;Buona;Ore Diurne;2;0;0;2;12.42015;41.85187;-1;2;Motociclo con passeggero;In marcia / fermata / arresto;Conducente;M;Rimandato;0;NON DECEDUTO;Utilizzato;
2102685;15;08/07/2014 14:30;Strada Urbana;VIA DEI TANI;all'intersezione con;VIA DEI MAZZANTI;VIA DEI MAZZANTI;;;Scontro frontale/laterale DX fra veicoli in marcia;Incrocio;Una carreggiata a doppio senso;Asciutto;Asfaltata;Assente;Sereno;Scarso;Buona;Ore Diurne;2;0;0;2;12.42015;41.85187;-1;2;Motociclo con passeggero;In marcia / fermata / arresto;Passeggero;F;Rimandato;0;NON DECEDUTO;Utilizzato;
2102686;8;08/07/2014 06:30;Statale entro l'abitato;VIA CASILINA;in prossimità;;del civico n.;1855;;Scontro frontale/laterale DX fra veicoli in marcia;Rettilineo;Una carreggiata a doppio senso;Asciutto;Asfaltata;Verticale ed orizzontale;Nuvoloso;Normale;Buona;Ore Diurne;0;0;0;2;12.68702;41.86269;-1;1;Autocarro inferiore 35 q.;In marcia / fermata / arresto;Conducente;M;Illeso;0;;Non accertato;Inesploso
2102686;8;08/07/2014 06:30;Statale entro l'abitato;VIA CASILINA;in prossimità;;del civico n.;1855;;Scontro frontale/laterale DX fra veicoli in marcia;Rettilineo;Una carreggiata a doppio senso;Asciutto;Asfaltata;Verticale ed orizzontale;Nuvoloso;Normale;Buona;Ore Diurne;0;0;0;2;12.68702;41.86269;-1;2;Autovettura privata;In marcia / fermata / arresto;Conducente;M;Illeso;0;;Non accertato;Inesploso
2102689;8;08/07/2014 18:45;Regionale entro l'abitato;VIA CASILINA;in prossimità;;del civico n.;1746;;Scontro laterale fra veicoli in marcia;Rettilineo;Una carreggiata a doppio senso;Asciutto;Asfaltata;Verticale ed orizzontale;Nuvoloso;Intenso;Buona;Ore Diurne;0;0;0;2;12.66523;41.86417;-1;1;Motociclo a solo;In marcia / fermata / arresto;Conducente;M;Illeso;0;;Non accertato;
2102689;8;08/07/2014 18:45;Regionale entro l'abitato;VIA CASILINA;in prossimità;;del civico n.;1746;;Scontro laterale fra veicoli in marcia;Rettilineo;Una carreggiata a doppio senso;Asciutto;Asfaltata;Verticale ed orizzontale;Nuvoloso;Intenso;Buona;Ore Diurne;0;0;0;2;12.66523;41.86417;-1;2;Autovettura privata;In marcia / fermata / arresto;Conducente;M;Illeso;0;;Non accertato;Inesploso
2102693;8;08/07/2014 08:50;Provinciale entro l'abitato;VIA POLENSE;all'intersezione con;VIA DI LUNGHEZZA;VIA DI LUNGHEZZA;;;Fuoriuscita dalla sede stradale;Incrocio;Una carreggiata a doppio senso;Asciutto;Asfaltata;Verticale ed orizzontale;Nuvoloso;Normale;Buona;Ore Diurne;1;0;0;1;12.72724;41.91118;-1;1;Autovettura privata;In marcia / fermata / arresto;Conducente;F;Rifiuta cure immediate;0;NON DECEDUTO;Non accertato;Inesploso
2102693;8;08/07/2014 08:50;Provinciale entro l'abitato;VIA POLENSE;all'intersezione con;VIA DI LUNGHEZZA;VIA DI LUNGHEZZA;;;Fuoriuscita dalla sede stradale;Incrocio;Una carreggiata a doppio senso;Asciutto;Asfaltata;Verticale ed orizzontale;Nuvoloso;Normale;Buona;Ore Diurne;1;0;0;1;12.72724;41.91118;-1;2;Autocarro inferiore 35 q.;In marcia / fermata / arresto;Conducente;M;Illeso;0;;Non utilizzato;Inesploso
2102694;8;08/07/2014 06:45;Strada Urbana;VIA BORGHESIANA;all'intersezione con;VIA BARUMINI;VIA BARUMINI;;;Scontro frontale/laterale DX fra veicoli in marcia;Incrocio;Una carreggiata a doppio senso;Asciutto;Asfaltata;Verticale ed orizzontale;Sereno;Normale;Buona;Ore Diurne;0;0;0;2;12.67077;41.8807;-1;1;Autovettura privata;In marcia / fermata / arresto;Conducente;M;Illeso;0;;Non accertato;Inesploso
2102694;8;08/07/2014 06:45;Strada Urbana;VIA BORGHESIANA;all'intersezione con;VIA BARUMINI;VIA BARUMINI;;;Scontro frontale/laterale DX fra veicoli in marcia;Incrocio;Una carreggiata a doppio senso;Asciutto;Asfaltata;Verticale ed orizzontale;Sereno;Normale;Buona;Ore Diurne;0;0;0;2;12.67077;41.8807;-1;2;Autovettura privata;In marcia / fermata / arresto;Conducente;M;Illeso;0;;Non accertato;Inesploso
2102695;8;08/07/2014 21:40;Strada Urbana;VIA RAFFAELLO LIBERTI;all'intersezione con;VIA DON FRANCESCO OLIBONI;VIA DON FRANCESCO OLIBONI;;;Veicolo in marcia contro ostacolo accidentale;Intersezione non regolata/non segnalata;Una carreggiata a doppio senso;Asciutto;Asfaltata;Assente;Sereno;Scarso;Buona;Sufficiente;0;0;0;1;12.67324;41.90495;-1;1;Autovettura privata;In marcia / fermata / arresto;Conducente;M;Illeso;0;;Non accertato;Inesploso
2102696;10;08/07/2014 23:40;Strada Urbana;VIA DI ROCCA CENCIA;all'intersezione con;VIA ROCCAFORTE DEL GRECO;VIA ROCCAFORTE DEL GRECO;;;Scontro laterale fra veicoli in marcia;Incrocio;Una carreggiata a doppio senso;Asciutto;Asfaltata;Verticale ed orizzontale;Sereno;Scarso;Buona;Sufficiente;0;0;0;2;12.69038;41.87084;-1;1;Autovettura privata;In marcia / fermata / arresto;Conducente;M;Illeso;0;;Non accertato;Inesploso
2102696;10;08/07/2014 23:40;Strada Urbana;VIA DI ROCCA CENCIA;all'intersezione con;VIA ROCCAFORTE DEL GRECO;VIA ROCCAFORTE DEL GRECO;;;Scontro laterale fra veicoli in marcia;Incrocio;Una carreggiata a doppio senso;Asciutto;Asfaltata;Verticale ed orizzontale;Sereno;Scarso;Buona;Sufficiente;0;0;0;2;12.69038;41.87084;-1;2;Motociclo a solo;In marcia / fermata / arresto;Conducente;M;Illeso;0;;Non accertato;
2102698;8;08/07/2014 15:15;Strada Urbana;VIALE DUILIO CAMBELLOTTI;all'intersezione con;VIA VICO VIGANO';VIA VICO VIGANO';;;Tamponamento Multiplo;Intersezione stradale segnalata;Due carreggiate;Asciutto;Asfaltata;Verticale ed orizzontale;Sereno;Normale;Buona;Ore Diurne;0;0;0;5;12.63096;41.86872;-1;1;Autovettura privata;In marcia / fermata / arresto;Conducente;M;Illeso;0;;Non accertato;Inesploso
2102698;8;08/07/2014 15:15;Strada Urbana;VIALE DUILIO CAMBELLOTTI;all'intersezione con;VIA VICO VIGANO';VIA VICO VIGANO';;;Tamponamento Multiplo;Intersezione stradale segnalata;Due carreggiate;Asciutto;Asfaltata;Verticale ed orizzontale;Sereno;Normale;Buona;Ore Diurne;0;0;0;5;12.63096;41.86872;-1;1;Autovettura privata;In marcia / fermata / arresto;Passeggero;F;Illeso;0;;Non accertato;Inesploso
2102698;8;08/07/2014 15:15;Strada Urbana;VIALE DUILIO CAMBELLOTTI;all'intersezione con;VIA VICO VIGANO';VIA VICO VIGANO';;;Tamponamento Multiplo;Intersezione stradale segnalata;Due carreggiate;Asciutto;Asfaltata;Verticale ed orizzontale;Sereno;Normale;Buona;Ore Diurne;0;0;0;5;12.63096;41.86872;-1;2;Autovettura privata;In marcia / fermata / arresto;Conducente;F;Illeso;0;;Non accertato;Inesploso
2102698;8;08/07/2014 15:15;Strada Urbana;VIALE DUILIO CAMBELLOTTI;all'intersezione con;VIA VICO VIGANO';VIA VICO VIGANO';;;Tamponamento Multiplo;Intersezione stradale segnalata;Due carreggiate;Asciutto;Asfaltata;Verticale ed orizzontale;Sereno;Normale;Buona;Ore Diurne;0;0;0;5;12.63096;41.86872;-1;2;Autovettura privata;In marcia / fermata / arresto;Passeggero;F;Illeso;0;;Non accertato;Inesploso
2102698;8;08/07/2014 15:15;Strada Urbana;VIALE DUILIO CAMBELLOTTI;all'intersezione con;VIA VICO VIGANO';VIA VICO VIGANO';;;Tamponamento Multiplo;Intersezione stradale segnalata;Due carreggiate;Asciutto;Asfaltata;Verticale ed orizzontale;Sereno;Normale;Buona;Ore Diurne;0;0;0;5;12.63096;41.86872;-1;3;Autovettura privata;In marcia / fermata / arresto;Conducente;M;Illeso;0;;Non accertato;Inesploso
2102699;8;08/07/2014 07:00;Strada Urbana;VIA DELLA TENUTA DEL CAVALIERE;in prossimità;;del civico n.;112;;Scontro laterale fra veicoli in marcia;Rettilineo;Una carreggiata a doppio senso;Asciutto;Asfaltata;Verticale ed orizzontale;Sereno;Normale;Buona;Ore Diurne;0;0;0;4;12.66432;41.93079;-1;1;Autovettura privata;In marcia / fermata / arresto;Conducente;M;Illeso;0;;Non accertato;Inesploso
2102699;8;08/07/2014 07:00;Strada Urbana;VIA DELLA TENUTA DEL CAVALIERE;in prossimità;;del civico n.;112;;Scontro laterale fra veicoli in marcia;Rettilineo;Una carreggiata a doppio senso;Asciutto;Asfaltata;Verticale ed orizzontale;Sereno;Normale;Buona;Ore Diurne;0;0;0;4;12.66432;41.93079;-1;1;Autovettura privata;In marcia / fermata / arresto;Passeggero;M;Illeso;0;;Non accertato;Inesploso
2102699;8;08/07/2014 07:00;Strada Urbana;VIA DELLA TENUTA DEL CAVALIERE;in prossimità;;del civico n.;112;;Scontro laterale fra veicoli in marcia;Rettilineo;Una carreggiata a doppio senso;Asciutto;Asfaltata;Verticale ed orizzontale;Sereno;Normale;Buona;Ore Diurne;0;0;0;4;12.66432;41.93079;-1;1;Autovettura privata;In marcia / fermata / arresto;Passeggero;M;Illeso;0;;Non accertato;Inesploso
2102699;8;08/07/2014 07:00;Strada Urbana;VIA DELLA TENUTA DEL CAVALIERE;in prossimità;;del civico n.;112;;Scontro laterale fra veicoli in marcia;Rettilineo;Una carreggiata a doppio senso;Asciutto;Asfaltata;Verticale ed orizzontale;Sereno;Normale;Buona;Ore Diurne;0;0;0;4;12.66432;41.93079;-1;2;Autovettura privata;In marcia / fermata / arresto;Conducente;M;Illeso;0;;Non accertato;Inesploso
2102701;5;09/07/2014 05:10;Strada Urbana;VIA DI PIETRALATA;in prossimità;;del civico n.;291;;Investimento di pedone;Rettilineo;Una carreggiata a doppio senso;Asciutto;Asfaltata;Assente;Sereno;Scarso;Sufficiente;Ore Diurne;1;0;0;1;12.54678;41.9222;-1;;;;Pedone;M;Rimandato;0;NON DECEDUTO;;
2102701;5;09/07/2014 05:10;Strada Urbana;VIA DI PIETRALATA;in prossimità;;del civico n.;291;;Investimento di pedone;Rettilineo;Una carreggiata a doppio senso;Asciutto;Asfaltata;Assente;Sereno;Scarso;Sufficiente;Ore Diurne;1;0;0;1;12.54678;41.9222;-1;1;Autocarro inferiore 35 q.;In marcia / fermata / arresto;Conducente;M;Illeso;0;;Non accertato;Inesistente
2102702;10;09/07/2014 04:00;Strada Urbana;VIA TUSCOLANA;da specificare;;;;altezza via del Vincenzo del Giudice;Ribaltamento senza urto contro ostacolo fisso;Rettilineo;Una carreggiata a senso unico di marcia;Asciutto;Asfaltata;Verticale ed orizzontale;Sereno;Scarso;Buona;Sufficiente;1;0;0;1;12.58664;41.84132;-1;1;Autovettura privata;In marcia / fermata / arresto;Conducente;M;Illeso;0;;Non accertato;Inesploso
2102702;10;09/07/2014 04:00;Strada Urbana;VIA TUSCOLANA;da specificare;;;;altezza via del Vincenzo del Giudice;Ribaltamento senza urto contro ostacolo fisso;Rettilineo;Una carreggiata a senso unico di marcia;Asciutto;Asfaltata;Verticale ed orizzontale;Sereno;Scarso;Buona;Sufficiente;1;0;0;1;12.58664;41.84132;-1;1;Autovettura privata;In marcia / fermata / arresto;Passeggero;M;Rimandato;0;NON DECEDUTO;Non accertato;Inesploso
2102703;15;09/07/2014 01:15;Strada Urbana;VIALE DEI CADUTI NELLA GUERRA DI LIBERAZIONE;all'intersezione con;VIA PONTINA;VIA PONTINA;;;Scontro laterale fra veicoli in marcia;Incrocio;Una carreggiata a senso unico di marcia;Asciutto;Asfaltata;Orizzontale;Sereno;Scarso;Insufficiente;Inesistente;0;0;0;3;12.44577;41.78762;-1;1;Autovettura privata;In marcia / fermata / arresto;Conducente;M;Illeso;0;;Utilizzato;
2102703;15;09/07/2014 01:15;Strada Urbana;VIALE DEI CADUTI NELLA GUERRA DI LIBERAZIONE;all'intersezione con;VIA PONTINA;VIA PONTINA;;;Scontro laterale fra veicoli in marcia;Incrocio;Una carreggiata a senso unico di marcia;Asciutto;Asfaltata;Orizzontale;Sereno;Scarso;Insufficiente;Inesistente;0;0;0;3;12.44577;41.78762;-1;2;Autovettura privata;In marcia / fermata / arresto;Conducente;M;Illeso;0;;Utilizzato;
2102703;15;09/07/2014 01:15;Strada Urbana;VIALE DEI CADUTI NELLA GUERRA DI LIBERAZIONE;all'intersezione con;VIA PONTINA;VIA PONTINA;;;Scontro laterale fra veicoli in marcia;Incrocio;Una carreggiata a senso unico di marcia;Asciutto;Asfaltata;Orizzontale;Sereno;Scarso;Insufficiente;Inesistente;0;0;0;3;12.44577;41.78762;-1;2;Autovettura privata;In marcia / fermata / arresto;Passeggero;F;Illeso;0;;Utilizzato;
2102706;20;08/07/2014 10:40;Regionale entro l'abitato;VIA CASSIA;in corrispondenza;;del civico n.;1866;;Investimento di pedone;Rettilineo;Una carreggiata a doppio senso;Asciutto;Asfaltata;Orizzontale;Sereno;Normale;Buona;Ore Diurne;1;0;0;1;12.37686;42.0214;-1;;;;Pedone;F;Rimandato;0;NON DECEDUTO;;
2102706;20;08/07/2014 10:40;Regionale entro l'abitato;VIA CASSIA;in corrispondenza;;del civico n.;1866;;Investimento di pedone;Rettilineo;Una carreggiata a doppio senso;Asciutto;Asfaltata;Orizzontale;Sereno;Normale;Buona;Ore Diurne;1;0;0;1;12.37686;42.0214;-1;1;Motociclo a solo;In marcia / fermata / arresto;Conducente;M;Illeso;0;;Non accertato;Inesistente
2102707;20;08/07/2014 13:00;Strada Urbana;CORSO DI FRANCIA;da specificare;;;;Dir. Parioli alt. via S. Jacini;Scontro laterale fra veicoli in marcia;Rettilineo;Due carreggiate;Asciutto;Asfaltata;Orizzontale;Sereno;Normale;Buona;Ore Diurne;0;0;0;2;12.4717;41.93657;-1;1;Autovettura privata;In marcia / fermata / arresto;Conducente;M;Illeso;0;;Non accertato;Inesploso
2102707;20;08/07/2014 13:00;Strada Urbana;CORSO DI FRANCIA;da specificare;;;;Dir. Parioli alt. via S. Jacini;Scontro laterale fra veicoli in marcia;Rettilineo;Due carreggiate;Asciutto;Asfaltata;Orizzontale;Sereno;Normale;Buona;Ore Diurne;0;0;0;2;12.4717;41.93657;-1;2;Macchina operatrice;In marcia / fermata / arresto;Conducente;M;Illeso;0;;Non accertato;Inesistente
2102708;20;08/07/2014 13:50;Strada Urbana;VIA DI BACCANELLO;in prossimità;;della chilometrica;1000;;Fuoriuscita dalla sede stradale;Rettilineo;Una carreggiata a doppio senso;Asciutto;Asfaltata;Verticale ed orizzontale;Sereno;Scarso;Buona;Ore Diurne;1;0;0;0;12.35326;42.06276;-1;1;Autovettura privata;In marcia / fermata / arresto;Conducente;F;Rimandato;0;NON DECEDUTO;Non accertato;Inesploso
2102709;20;08/07/2014 16:00;Strada Urbana;VIA TRIONFALE;da specificare;;;;al'interno area parcheggio privato civ. 13840;Tamponamento;Rettilineo;Una carreggiata a doppio senso;Asciutto;Asfaltata;Assente;Sereno;Scarso;Buona;Ore Diurne;0;0;0;2;12.42296;41.94088;-1;1;Autovettura privata;In marcia / fermata / arresto;Conducente;M;Illeso;0;;Non accertato;Inesploso
2102709;20;08/07/2014 16:00;Strada Urbana;VIA TRIONFALE;da specificare;;;;al'interno area parcheggio privato civ. 13840;Tamponamento;Rettilineo;Una carreggiata a doppio senso;Asciutto;Asfaltata;Assente;Sereno;Scarso;Buona;Ore Diurne;0;0;0;2;12.42296;41.94088;-1;2;Autovettura privata;In marcia / fermata / arresto;Conducente;M;Illeso;0;;Non accertato;Inesistente
2102713;9;08/07/2014 15:30;Strada Urbana;VIA APPIA NUOVA;all'intersezione semaforizzata con;VIA CARLO CIPOLLA;VIA CARLO CIPOLLA;;;Scontro laterale fra veicoli in marcia;Incrocio;Due carreggiate;Asciutto;Asfaltata;Verticale ed orizzontale;Sereno;Normale;Buona;Ore Diurne;0;0;0;2;12.53059;41.86644;-1;1;Autotreno;In marcia / fermata / arresto;Conducente;M;Illeso;0;;Non accertato;Inesploso
2102713;9;08/07/2014 15:30;Strada Urbana;VIA APPIA NUOVA;all'intersezione semaforizzata con;VIA CARLO CIPOLLA;VIA CARLO CIPOLLA;;;Scontro laterale fra veicoli in marcia;Incrocio;Due carreggiate;Asciutto;Asfaltata;Verticale ed orizzontale;Sereno;Normale;Buona;Ore Diurne;0;0;0;2;12.53059;41.86644;-1;2;Autovettura privata;In marcia / fermata / arresto;Conducente;M;Illeso;0;;Non accertato;Inesploso
2102715;13;08/07/2014 13:30;Provinciale;VIA LITORANEA;da specificare;;;;"altezza distributore 2"" Tamoil """;Scontro laterale fra veicoli in marcia;Rettilineo;Una carreggiata a doppio senso;Asciutto;Asfaltata;Verticale ed orizzontale;Sereno;Normale;Buona;Ore Diurne;2;0;0;2;12.34918;41.70166;-1;1;Autovettura privata;In marcia / fermata / arresto;Conducente;M;Illeso;0;;Non accertato;Inesploso
2102715;13;08/07/2014 13:30;Provinciale;VIA LITORANEA;da specificare;;;;"altezza distributore 2"" Tamoil """;Scontro laterale fra veicoli in marcia;Rettilineo;Una carreggiata a doppio senso;Asciutto;Asfaltata;Verticale ed orizzontale;Sereno;Normale;Buona;Ore Diurne;2;0;0;2;12.34918;41.70166;-1;1;Autovettura privata;In marcia / fermata / arresto;Passeggero;M;Illeso;0;;Non accertato;Inesploso
2102715;13;08/07/2014 13:30;Provinciale;VIA LITORANEA;da specificare;;;;"altezza distributore 2"" Tamoil """;Scontro laterale fra veicoli in marcia;Rettilineo;Una carreggiata a doppio senso;Asciutto;Asfaltata;Verticale ed orizzontale;Sereno;Normale;Buona;Ore Diurne;2;0;0;2;12.34918;41.70166;-1;2;Motociclo con passeggero;In marcia / fermata / arresto;Conducente;M;Rimandato;0;NON DECEDUTO;Non accertato;
2102715;13;08/07/2014 13:30;Provinciale;VIA LITORANEA;da specificare;;;;"altezza distributore 2"" Tamoil """;Scontro laterale fra veicoli in marcia;Rettilineo;Una carreggiata a doppio senso;Asciutto;Asfaltata;Verticale ed orizzontale;Sereno;Normale;Buona;Ore Diurne;2;0;0;2;12.34918;41.70166;-1;2;Motociclo con passeggero;In marcia / fermata / arresto;Passeggero;F;Rimandato;0;NON DECEDUTO;Non accertato;
2102728;5;08/07/2014 20:10;Strada Urbana;VIALE DEL TECNOPOLO;all'intersezione con;VIA S. GETULLO;VIA S. GETULLO;;;Scontro frontale/laterale SX fra veicoli in marcia;Incrocio;Due carreggiate;Asciutto;Asfaltata;Verticale ed orizzontale;Sereno;Normale;Buona;Ore Diurne;1;0;0;0;12.63868;41.94041;-1;1;Motociclo a solo;In marcia / fermata / arresto;Conducente;M;Rimandato;0;NON DECEDUTO;Non accertato;
2102731;13;08/07/2014 15:55;Strada Urbana;PIAZZA DEI RAVENNATI;all'intersezione con;LUNGOMARE PAOLO TOSCANELLI;LUNGOMARE PAOLO TOSCANELLI;;;Veicolo in marcia contro ostacolo accidentale;Rotatoria;Due carreggiate;Asciutto;Asfaltata;Verticale ed orizzontale;Vento forte;Normale;Buona;Ore Diurne;0;0;0;1;12.2761;41.72965;-1;1;Autovettura privata;In marcia / fermata / arresto;Conducente;M;Illeso;0;;;
2102736;9;08/07/2014 18:50;Strada Urbana;VIA GALLIA;all'intersezione con;VIA SATURNIA;VIA SATURNIA;;;Scontro frontale/laterale SX fra veicoli in marcia;Incrocio;Una carreggiata a doppio senso;Asciutto;Asfaltata;Verticale;Nuvoloso;Normale;Buona;Ore Diurne;1;0;0;2;12.50398;41.88104;-1;1;Autovettura privata;In marcia / fermata / arresto;Conducente;M;Illeso;0;;Non accertato;Inesploso
2102736;9;08/07/2014 18:50;Strada Urbana;VIA GALLIA;all'intersezione con;VIA SATURNIA;VIA SATURNIA;;;Scontro frontale/laterale SX fra veicoli in marcia;Incrocio;Una carreggiata a doppio senso;Asciutto;Asfaltata;Verticale;Nuvoloso;Normale;Buona;Ore Diurne;1;0;0;2;12.50398;41.88104;-1;1;Autovettura privata;In marcia / fermata / arresto;Passeggero;F;Illeso;0;;Non accertato;Inesploso
2102736;9;08/07/2014 18:50;Strada Urbana;VIA GALLIA;all'intersezione con;VIA SATURNIA;VIA SATURNIA;;;Scontro frontale/laterale SX fra veicoli in marcia;Incrocio;Una carreggiata a doppio senso;Asciutto;Asfaltata;Verticale;Nuvoloso;Normale;Buona;Ore Diurne;1;0;0;2;12.50398;41.88104;-1;2;Motociclo a solo;In marcia / fermata / arresto;Conducente;M;Rimandato;0;NON DECEDUTO;;
2102737;3;08/07/2014 16:10;Strada Urbana;PORTA PIA;in prossimità;;del civico n.;1;;Veicolo in marcia contro veicolo in sosta;Rettilineo;Più di due carreggiate;Asciutto;Asfaltata;Verticale ed orizzontale;Sereno;Normale;Buona;Ore Diurne;1;0;0;0;12.50077;41.90893;-1;1;Motociclo a solo;In marcia / fermata / arresto;Conducente;M;Rimandato;0;NON DECEDUTO;Non accertato;
2102741;3;08/07/2014 09:00;Strada Urbana;PIAZZALE DEL VERANO;in corrispondenza;;del civico n.;70;;Veicolo in marcia contro ostacolo fisso;Rettilineo;Due carreggiate;Asciutto;Asfaltata;Assente;Sereno;Scarso;Buona;Ore Diurne;1;0;0;0;12.51897;41.90063;-1;1;Motociclo a solo;In marcia / fermata / arresto;Conducente;M;Ricoverato;0;NON DECEDUTO;Non accertato;
2102744;13;08/07/2014 23:05;Strada Urbana;CORSO REGINA MARIA PIA;in corrispondenza;;del civico n.;19;;Tamponamento;Rettilineo;Una carreggiata a doppio senso;Asciutto;Asfaltata;Verticale ed orizzontale;Sereno;Normale;Buona;Sufficiente;0;0;0;4;12.28294;41.73025;-1;1;Autocarro inferiore 35 q.;In marcia / fermata / arresto;Conducente;M;Illeso;0;;;
2102744;13;08/07/2014 23:05;Strada Urbana;CORSO REGINA MARIA PIA;in corrispondenza;;del civico n.;19;;Tamponamento;Rettilineo;Una carreggiata a doppio senso;Asciutto;Asfaltata;Verticale ed orizzontale;Sereno;Normale;Buona;Sufficiente;0;0;0;4;12.28294;41.73025;-1;1;Autocarro inferiore 35 q.;In marcia / fermata / arresto;Passeggero;M;Illeso;0;;;